name,phone,email,company
Alexander Wright,+1 (555) 234-5671,alexander.w@acmecorp.com,Acme Corp
Sophia Martinez,+1 (555) 234-5672,s.martinez@globex.io,Globex Tech
Liam Johnson,+1 (555) 234-5673,liam@soylentgreen.net,Soylent Solutions
Olivia Davis,+1 (555) 234-5674,olivia.d@initech.com,Initech
Noah Garcia,+1 (555) 234-5675,ngarcia@umbrellacorp.com,Umbrella Corp
Emma Rodriguez,+1 (555) 234-5676,emma@hoolitech.com,Hooli
Oliver Wilson,+1 (555) 234-5677,owilson@piedpiper.com,Pied Piper
Ava Anderson,+1 (555) 234-5678,ava.a@cyberdyne.systems,Cyberdyne Systems
Elijah Thomas,+1 (555) 234-5679,elijah@waynetech.com,Wayne Enterprises
Charlotte Taylor,+1 (555) 234-5680,c.taylor@starkindustries.com,Stark Industries
James Moore,+1 (555) 234-5681,j.moore@wonkaind.com,Wonka Industries
Mia Jackson,+1 (555) 234-5682,mjackson@bluethunder.io,Blue Thunder
William Martin,+1 (555) 234-5683,william@tyrellcorp.com,Tyrell Corporation
Isabella Lee,+1 (555) 234-5684,isabella@virtucon.com,Virtucon
Benjamin Perez,+1 (555) 234-5685,bperez@cogswellcogs.com,Cogswell Cogs
Sophia Thompson,+1 (555) 234-5686,sthompson@spacelysprockets.com,Spacely Sprockets
Lucas White,+1 (555) 234-5687,lucas@oceanicairlines.com,Oceanic Airlines
Harper Harris,+1 (555) 234-5688,harper.h@dundermifflin.com,Dunder Mifflin
Henry Sanchez,+1 (555) 234-5689,hsanchez@vandelayind.com,Vandelay Industries
Evelyn Clark,+1 (555) 234-5690,evelyn@kramerica.com,Kramerica Industries
Sebastian Ramirez,+1 (555) 234-5691,sramirez@bluthcompany.com,The Bluth Company Bluth
Amelia Lewis,+1 (555) 234-5692,amelia@sitwell.com,Sitwell Enterprises
Jack Robinson,+1 (555) 234-5693,jack.r@prestigeworldwide.com,Prestige Worldwide
Abigail Walker,+1 (555) 234-5694,awalker@vehement.io,Vehement Capital
Owen Young,+1 (555) 234-5695,owen@stricklandpropane.com,Strickland Propane
Emily Allen,+1 (555) 234-5696,emily.a@kacl.net,KACL Seattle
Theodore King,+1 (555) 234-5697,tking@sterlingcooper.com,Sterling Cooper
Elizabeth Wright,+1 (555) 234-5698,elizabeth@scdp.com,SCDP Agency
Daniel Scott,+1 (555) 234-5699,daniel.s@ppth.org,Princeton-Plainsboro Tech
Sofia Torres,+1 (555) 234-5700,storres@nypd.gov,NYPD Tech Squad
Matthew Nguyen,+1 (555) 234-5701,matthew@sacredheart.org,Sacred Heart MedTech
Avery Hill,+1 (555) 234-5702,avery@wernhamboggis.com,Wernham Hogg
Joseph Flores,+1 (555) 234-5703,jflores@reyenholm.co.uk,Reynholm Industries
Ella Green,+1 (555) 234-5704,ella.g@telamericacorp.com,TelAmeriCorp
Samuel Adams,+1 (555) 234-5705,samuel@pawtucketbrewery.com,Pawtucket Patriot
Chloe Nelson,+1 (555) 234-5706,chloe@morleytobacco.com,Morley Tobacco
David Baker,+1 (555) 234-5707,dbaker@biffco.com,BiffCo Enterprises
Victoria Hall,+1 (555) 234-5708,victoria@nakatomitrading.com,Nakatomi Trading
Carter Rivera,+1 (555) 234-5709,crivera@omnicorp.com,OmniCorp
Grace Campbell,+1 (555) 234-5710,grace@buy-large-objects.com,Buy n Large
Wyatt Mitchell,+1 (555) 234-5711,wmitchell@dinoco.com,Dinoco Energy
Zoey Carter,+1 (555) 234-5712,zoey.c@monstersinc.com,Monsters Inc
John Roberts,+1 (555) 234-5713,john.r@weyland-yutani.com,Weyland-Yutani
Penelope Gomez,+1 (555) 234-5714,pgomez@trioptimum.com,TriOptimum Corp
Luke Phillips,+1 (555) 234-5715,luke@blackmesaresearch.com,Black Mesa
Riley Evans,+1 (555) 234-5716,riley@aperturescience.com,Aperture Science
Jayden Turner,+1 (555) 234-5717,jturner@vault-tec.com,Vault-Tec
Lily Diaz,+1 (555) 234-5718,lily.d@robco.com,RobCo Industries
Dylan Parker,+1 (555) 234-5719,dparker@shinra.com,Shinra Electric
Hannah Cruz,+1 (555) 234-5720,hannah@mishima.zaibatsu,Mishima Zaibatsu
Gabriel Reyes,+1 (555) 234-5721,greyes@fontaine-futuristics.com,Fontaine Futuristics
Lillian Edwards,+1 (555) 234-5722,lillian@ryan-industries.com,Ryan Industries
Isaac Collins,+1 (555) 234-5723,isaac@aerith.cloud,Avalanche Tech
Addison Stewart,+1 (555) 234-5724,addison@seeD.academy,Balamb Garden
Lincoln Morris,+1 (555) 234-5725,lmorris@nerv.geo,NERV GeoFront
Aubrey Morales,+1 (555) 234-5726,aubrey@gundam.ae,Anaheim Electronics
Mateo Murphy,+1 (555) 234-5727,mateo@zeon.duchy,Principality of Zeon
Ellie Cook,+1 (555) 234-5728,ellie@celestialbeing.org,Celestial Being
Ryan Rogers,+1 (555) 234-5729,rrogers@macross.sdf,SDF Macross
Stella Morgan,+1 (555) 234-5730,stella@nerv.jp,NERV Japan
Nathan Peterson,+1 (555) 234-5731,nathan@wille.org,WILLE Fleet
Natalie Cooper,+1 (555) 234-5732,natalie@unspacy.gov,UN Spacy
Caleb Reed,+1 (555) 234-5733,caleb@section9.jp,Public Security Section 9
Zoe Bailey,+1 (555) 234-5734,zoe@laughingman.org,Laughing Man Systems
Christian Bell,+1 (555) 234-5735,cbell@poseidonsilicon.com,Poseidon Industrial
Leah Gomez,+1 (555) 234-5736,leah@genom.corp,Genom Corporation
Hunter Kelly,+1 (555) 234-5737,hunter@adpolice.gov,AD Police Tech
Audrey Howard,+1 (555) 234-5738,audrey@solty.rev,RUC Security
Cameron Ward,+1 (555) 234-5739,cward@praetorian.net,Praetorian Guard Tech
Savannah Cox,+1 (555) 234-5740,savannah@kashimacorp.com,Kashima Corp
Landon Diaz,+1 (555) 234-5741,landon@yamato.space,Space Battleship Yamato
Brooklyn Richardson,+1 (555) 234-5742,brooklyn@iskandar.star,Iskandar Royal Tech
Aaron Wood,+1 (555) 234-5743,aaron@whitebase.efsf,EFSF White Base
Paisley Watson,+1 (555) 234-5744,paisley@londobell.efsf,Londo Bell Taskforce
Eli Brooks,+1 (555) 234-5745,eli@titans.efsf,Titans Elite Security
Skylar Bennett,+1 (555) 234-5746,skylar@aeug.space,AEUG Fleet
Colton Gray,+1 (555) 234-5747,colton@karaba.earth,Karaba Air Force
Claire James,+1 (555) 234-5748,claire@crossbone.vanguard,Crossbone Vanguard
Roman Reyes,+1 (555) 234-5749,roman@zanscare.emp,Zanscare Empire
Lucy Hughes,+1 (555) 234-5750,lucy@league-militaire.org,League Militaire
Easton Price,+1 (555) 234-5751,easton@oz.treize,OZ Special Organization
Anna Myers,+1 (555) 234-5752,anna@romefeller.org,Romefeller Foundation
Ian Long,+1 (555) 234-5753,ian@preventer.gov,Preventer Secret Service
Caroline Foster,+1 (555) 234-5754,caroline@sanc.kingdom,Sanc Kingdom Peace Tech
Carson Sanders,+1 (555) 234-5755,carson@mariemaia.army,Mariemaia Army
Genesis Ross,+1 (555) 234-5756,genesis@earthalliance.gov,Earth Alliance
Leonardo Powell,+1 (555) 234-5757,leonardo@zaft.space,ZAFT Military Tech
Madeline Sullivan,+1 (555) 234-5758,madeline@orb.union,Orb Union
Jose Russell,+1 (555) 234-5759,jose@logos.syndicate,Logos Defense
Eva Ortiz,+1 (555) 234-5760,eva@phantom-pain.org,Phantom Pain Special Ops
Hudson Jenkins,+1 (555) 234-5761,hudson@terminal.network,Terminal Intelligence
Ariana Gutierrez,+1 (555) 234-5762,ariana@dssd.space,DSSD Space Exploration
Bryson Perry,+1 (555) 234-5763,bryson@union.solar,Union of Solar Energy
Allison Butler,+1 (555) 234-5764,allison@aeu.eu,Advanced European Union
Brayden Barnes,+1 (555) 234-5765,brayden@hrlp.gov,Human Reform League
Julia Fisher,+1 (555) 234-5766,julia@a-laws.gov,A-LAWS Peacekeeping
Jason Henderson,+1 (555) 234-5767,jason@katharon.org,Katharon Resistance
Autumn Coleman,+1 (555) 234-5768,autumn@innovators.net,Innovator Faction
Jaxon Simmons,+1 (555) 234-5769,jaxon@solbrave.squad,Solbrave Squadron
Sadie Patterson,+1 (555) 234-5770,sadie@els.deepspace,ELS Alien Contact Corp
